{"cameraMode":{"drawMode":0,"name":"Shaded","section":"Shading Mode"},"sceneLighting":false,"audioPlay":false,"sceneViewState":{"m_AlwaysRefresh":false,"showFog":true,"showSkybox":false,"showFlares":true,"showImageEffects":true,"showParticleSystems":true,"showVisualEffectGraphs":true,"m_FxEnabled":true},"in2DMode":false,"pivot":{"x":4.729591369628906,"y":-0.2761077880859375,"z":163.8416748046875},"rotation":{"x":-0.0024532380048185589,"y":-0.9965628385543823,"z":0.07638587802648545,"w":-0.03200197219848633},"size":229.7860107421875,"orthographic":false}